{
    "Boss": {
        "A": {
            "IsGravity": 0,
            "MaxCount": 10
        },
        "Meteor0": {
            "Position": [
                -21.600000381469727,
                0.0,
                0.0
            ]
        },
        "Meteor1": {
            "Position": [
                -10.300000190734863,
                0.0,
                0.0
            ]
        },
        "Meteor2": {
            "Position": [
                20.5,
                0.0,
                0.0
            ]
        },
        "Meteor3": {
            "Position": [
                10.0,
                0.0,
                0.0
            ]
        },
        "Meteor4": {
            "Position": [
                0.0,
                0.0,
                16.299999237060547
            ]
        },
        "Meteor5": {
            "Position": [
                0.0,
                0.0,
                8.300000190734863
            ]
        },
        "Meteor6": {
            "Position": [
                0.0,
                0.0,
                -7.800000190734863
            ]
        },
        "Meteor7": {
            "Position": [
                0.0,
                0.0,
                -18.299999237060547
            ]
        },
        "Meteor8": {
            "Position": [
                -8.0,
                0.0,
                -8.0
            ]
        },
        "Meteor9": {
            "Position": [
                8.0,
                0.0,
                -8.0
            ]
        },
        "SingleAttack": null
    }
}
