{
    "Boss": {
        "A": {
            "IsGravity": 0,
            "MaxCount": 20
        },
        "Meteor0": {
            "Position": [
                -21.600000381469727,
                0.0,
                0.0
            ]
        },
        "Meteor1": {
            "Position": [
                -10.300000190734863,
                0.0,
                0.0
            ]
        },
        "Meteor10": {
            "Position": [
                0.0,
                0.0,
                0.0
            ]
        },
        "Meteor11": {
            "Position": [
                -7.5,
                0.0,
                0.0
            ]
        },
        "Meteor12": {
            "Position": [
                -2.700000047683716,
                0.0,
                0.0
            ]
        },
        "Meteor13": {
            "Position": [
                9.300000190734863,
                0.0,
                0.0
            ]
        },
        "Meteor14": {
            "Position": [
                -1.0,
                0.0,
                0.0
            ]
        },
        "Meteor15": {
            "Position": [
                -17.899999618530273,
                0.0,
                0.0
            ]
        },
        "Meteor16": {
            "Position": [
                7.400000095367432,
                0.0,
                7.599999904632568
            ]
        },
        "Meteor17": {
            "Position": [
                -7.599999904632568,
                0.0,
                8.199999809265137
            ]
        },
        "Meteor18": {
            "Position": [
                30.0,
                0.0,
                0.0
            ]
        },
        "Meteor19": {
            "Position": [
                -30.0,
                0.0,
                0.0
            ]
        },
        "Meteor2": {
            "Position": [
                20.5,
                0.0,
                0.0
            ]
        },
        "Meteor20": {
            "Position": [
                0.0,
                0.0,
                0.0
            ]
        },
        "Meteor3": {
            "Position": [
                10.0,
                0.0,
                0.0
            ]
        },
        "Meteor4": {
            "Position": [
                0.0,
                0.0,
                16.299999237060547
            ]
        },
        "Meteor5": {
            "Position": [
                0.0,
                0.0,
                8.300000190734863
            ]
        },
        "Meteor6": {
            "Position": [
                0.0,
                0.0,
                -7.800000190734863
            ]
        },
        "Meteor7": {
            "Position": [
                0.0,
                0.0,
                -18.299999237060547
            ]
        },
        "Meteor8": {
            "Position": [
                -8.0,
                0.0,
                -8.0
            ]
        },
        "Meteor9": {
            "Position": [
                8.0,
                0.0,
                -8.0
            ]
        }
    }
}
