{
    "Easy": {
        "Enemy": {
            "MaxCount": 0
        },
        "Enemy0": {
            "Position": [
                -12.100000381469727,
                8.779999732971191,
                0.0
            ],
            "TestValue": [
                0.0,
                0.0,
                0.0
            ]
        },
        "Enemy1": {
            "Position": [
                8.899999618530273,
                8.779999732971191,
                0.0
            ],
            "TestValue": [
                0.0,
                0.0,
                0.0
            ]
        },
        "Enemy10": {
            "Position": [
                -18.0,
                3.9800000190734863,
                0.0
            ],
            "TestValue": [
                0.0,
                0.0,
                0.0
            ]
        },
        "Enemy11": {
            "Position": [
                -6.800000190734863,
                3.680000066757202,
                0.0
            ],
            "TestValue": [
                0.0,
                0.0,
                0.0
            ]
        },
        "Enemy12": {
            "Position": [
                -3.5999999046325684,
                12.779999732971191,
                0.0
            ],
            "TestValue": [
                0.0,
                0.0,
                0.0
            ]
        },
        "Enemy13": {
            "Position": [
                -12.100000381469727,
                -4.519999980926514,
                0.0
            ],
            "TestValue": [
                0.0,
                0.0,
                0.0
            ]
        },
        "Enemy14": {
            "Position": [
                -12.100000381469727,
                16.079999923706055,
                0.0
            ],
            "TestValue": [
                0.0,
                0.0,
                0.0
            ]
        },
        "Enemy2": {
            "Position": [
                -21.899999618530273,
                8.779999732971191,
                0.0
            ],
            "TestValue": [
                0.0,
                0.0,
                0.0
            ]
        },
        "Enemy3": {
            "Position": [
                6.0,
                8.779999732971191,
                0.0
            ],
            "TestValue": [
                0.0,
                0.0,
                0.0
            ]
        },
        "Enemy4": {
            "Position": [
                -17.5,
                8.779999732971191,
                0.0
            ],
            "TestValue": [
                0.0,
                0.0,
                0.0
            ]
        },
        "Enemy5": {
            "Position": [
                -5.0,
                6.380000114440918,
                0.0
            ],
            "TestValue": [
                0.0,
                0.0,
                0.0
            ]
        },
        "Enemy6": {
            "Position": [
                -9.699999809265137,
                20.3799991607666,
                0.0
            ],
            "TestValue": [
                0.0,
                0.0,
                0.0
            ]
        },
        "Enemy7": {
            "Position": [
                -12.100000381469727,
                8.779999732971191,
                0.0
            ],
            "TestValue": [
                0.0,
                0.0,
                0.0
            ]
        },
        "Enemy8": {
            "Position": [
                -12.100000381469727,
                8.779999732971191,
                0.0
            ],
            "TestValue": [
                0.0,
                0.0,
                0.0
            ]
        },
        "Enemy9": {
            "Position": [
                -19.200000762939453,
                12.479999542236328,
                0.0
            ],
            "TestValue": [
                0.0,
                0.0,
                0.0
            ]
        },
        "Obstacle": {
            "MaxCount": 0
        },
        "Obstacle0": {
            "Position": [
                -12.300000190734863,
                0.0,
                0.0
            ]
        },
        "Obstacle1": {
            "Position": [
                -4.300000190734863,
                10.600000381469727,
                0.0
            ]
        },
        "Obstacle2": {
            "Position": [
                11.600000381469727,
                0.0,
                0.0
            ]
        },
        "Obstacle3": {
            "Position": [
                0.0,
                15.5,
                0.0
            ]
        },
        "Obstacle4": {
            "Position": [
                0.0,
                -14.0,
                0.0
            ]
        },
        "Obstacle5": {
            "Position": [
                0.0,
                -1.7999999523162842,
                0.0
            ]
        }
    }
}
