{
    "Hard": {
        "Enemy": {
            "MaxCount": 4
        },
        "Enemy0": {
            "Position": [
                -12.100000381469727,
                8.779999732971191,
                0.0
            ],
            "TestValue": [
                0.0,
                0.0,
                0.0
            ]
        },
        "Enemy1": {
            "Position": [
                -12.100000381469727,
                5.980000019073486,
                0.0
            ],
            "TestValue": [
                0.0,
                0.0,
                0.0
            ]
        },
        "Enemy2": {
            "Position": [
                11.399999618530273,
                0.0,
                0.0
            ]
        },
        "Enemy3": {
            "Position": [
                0.0,
                0.0,
                0.0
            ]
        },
        "Enemy4": {
            "Position": [
                -19.700000762939453,
                8.779999732971191,
                0.0
            ]
        }
    }
}
