{
    "Hard": {
        "Enemy": {
            "MaxCount": 4
        },
        "Enemy0": {
            "Position": [
                -12.100000381469727,
                8.779999732971191,
                0.0
            ],
            "TestValue": [
                0.0,
                0.0,
                0.0
            ]
        },
        "Enemy1": {
            "Position": [
                -12.100000381469727,
                5.980000019073486,
                0.0
            ],
            "TestValue": [
                0.0,
                0.0,
                0.0
            ]
        },
        "Enemy2": {
            "Position": [
                11.399999618530273,
                0.0,
                0.0
            ]
        },
        "Enemy3": {
            "Position": [
                0.0,
                0.0,
                0.0
            ]
        },
        "Enemy4": {
            "Position": [
                -19.700000762939453,
                8.779999732971191,
                0.0
            ]
        },
        "Obstacle": {
            "MaxCount": 2
        },
        "Obstacle0": {
            "Position": [
                4.900000095367432,
                0.0,
                0.0
            ]
        },
        "Obstacle1": {
            "Position": [
                0.0,
                17.700000762939453,
                0.0
            ]
        },
        "Obstacle2": {
            "Position": [
                -6.0,
                0.0,
                0.0
            ]
        },
        "Obstacle3": {
            "Position": [
                10.600000381469727,
                0.0,
                0.0
            ]
        },
        "Obstacle4": {
            "Position": [
                0.0,
                -10.699999809265137,
                0.0
            ]
        }
    }
}
