{
    "Normal": {
        "Enemy": {
            "MaxCount": 5
        },
        "Enemy0": {
            "Position": [
                -12.100000381469727,
                8.779999732971191,
                0.0
            ],
            "TestValue": [
                0.0,
                0.0,
                0.0
            ]
        },
        "Enemy1": {
            "Position": [
                -12.100000381469727,
                8.779999732971191,
                0.0
            ],
            "TestValue": [
                0.0,
                0.0,
                0.0
            ]
        },
        "Enemy10": {
            "Position": [
                -5.5,
                8.779999732971191,
                0.0
            ],
            "TestValue": [
                0.0,
                0.0,
                0.0
            ]
        },
        "Enemy11": {
            "Position": [
                -21.799999237060547,
                8.779999732971191,
                0.0
            ],
            "TestValue": [
                0.0,
                0.0,
                0.0
            ]
        },
        "Enemy12": {
            "Position": [
                -1.7000000476837158,
                8.779999732971191,
                0.0
            ],
            "TestValue": [
                0.0,
                0.0,
                0.0
            ]
        },
        "Enemy13": {
            "Position": [
                -1.600000023841858,
                20.68000030517578,
                0.0
            ],
            "TestValue": [
                0.0,
                0.0,
                0.0
            ]
        },
        "Enemy14": {
            "Position": [
                0.4000000059604645,
                12.279999732971191,
                0.0
            ],
            "TestValue": [
                0.0,
                0.0,
                0.0
            ]
        },
        "Enemy15": {
            "Position": [
                7.900000095367432,
                11.079999923706055,
                0.0
            ],
            "TestValue": [
                0.0,
                0.0,
                0.0
            ]
        },
        "Enemy16": {
            "Position": [
                13.399999618530273,
                13.880000114440918,
                0.0
            ],
            "TestValue": [
                0.0,
                0.0,
                0.0
            ]
        },
        "Enemy17": {
            "Position": [
                18.799999237060547,
                14.680000305175781,
                0.0
            ],
            "TestValue": [
                0.0,
                0.0,
                0.0
            ]
        },
        "Enemy18": {
            "Position": [
                20.399999618530273,
                2.2799999713897705,
                0.0
            ],
            "TestValue": [
                0.0,
                0.0,
                0.0
            ]
        },
        "Enemy19": {
            "Position": [
                30.0,
                5.079999923706055,
                0.0
            ],
            "TestValue": [
                0.0,
                0.0,
                0.0
            ]
        },
        "Enemy2": {
            "Position": [
                -16.100000381469727,
                -10.020000457763672,
                0.0
            ],
            "TestValue": [
                0.0,
                0.0,
                0.0
            ]
        },
        "Enemy3": {
            "Position": [
                -30.0,
                8.779999732971191,
                0.0
            ],
            "TestValue": [
                0.0,
                0.0,
                0.0
            ]
        },
        "Enemy4": {
            "Position": [
                -12.100000381469727,
                8.779999732971191,
                0.0
            ],
            "TestValue": [
                0.0,
                0.0,
                0.0
            ]
        },
        "Enemy5": {
            "Position": [
                -15.199999809265137,
                16.18000030517578,
                0.0
            ],
            "TestValue": [
                0.0,
                0.0,
                0.0
            ]
        },
        "Enemy6": {
            "Position": [
                -9.0,
                12.779999732971191,
                0.0
            ],
            "TestValue": [
                0.0,
                0.0,
                0.0
            ]
        },
        "Enemy7": {
            "Position": [
                -10.0,
                -3.2200000286102295,
                0.0
            ],
            "TestValue": [
                0.0,
                0.0,
                0.0
            ]
        },
        "Enemy8": {
            "Position": [
                -12.100000381469727,
                2.680000066757202,
                0.0
            ],
            "TestValue": [
                0.0,
                0.0,
                0.0
            ]
        },
        "Enemy9": {
            "Position": [
                -19.5,
                8.779999732971191,
                0.0
            ],
            "TestValue": [
                0.0,
                0.0,
                0.0
            ]
        },
        "Obstacle": {
            "MaxCount": 2
        },
        "Obstacle0": {
            "Position": [
                -20.700000762939453,
                0.0,
                0.0
            ]
        },
        "Obstacle1": {
            "Position": [
                25.5,
                0.0,
                0.0
            ]
        },
        "Obstacle2": {
            "Position": [
                0.0,
                -6.300000190734863,
                0.0
            ]
        },
        "Obstacle3": {
            "Position": [
                0.0,
                13.800000190734863,
                0.0
            ]
        },
        "Obstacle4": {
            "Position": [
                -4.099999904632568,
                6.0,
                0.0
            ]
        },
        "Obstacle5": {
            "Position": [
                0.0,
                3.5,
                0.0
            ]
        },
        "Obstacle6": {
            "Position": [
                0.0,
                -2.0999999046325684,
                0.0
            ]
        }
    }
}
