{
    "PushUpAttack1": {
        "Parameter": {
            "MaxCount": 2,
            "RemainTime": 1.5,
            "Scale": [
                5.0,
                1.0,
                5.0
            ],
            "ScaleValue": 8.0
        },
        "PushUp0": {
            "Position": [
                -15.0,
                0.800000011920929,
                15.0
            ]
        },
        "PushUp1": {
            "Position": [
                15.0,
                0.800000011920929,
                -15.0
            ]
        },
        "PushUp2": {
            "Position": [
                0.0,
                0.800000011920929,
                0.0
            ]
        },
        "PushUp3": {
            "Position": [
                0.0,
                0.800000011920929,
                0.0
            ]
        },
        "PushUp4": {
            "Position": [
                0.0,
                0.800000011920929,
                0.0
            ]
        }
    }
}
