{
    "PushUpAttack": {
        "Parameter": {
            "MaxCount": 3
        },
        "PushUp0": {
            "Position": [
                17.399999618530273,
                0.800000011920929,
                25.0
            ]
        },
        "PushUp1": {
            "Position": [
                25.0,
                0.800000011920929,
                -25.0
            ]
        },
        "PushUp2": {
            "Position": [
                -25.0,
                0.800000011920929,
                -25.0
            ]
        },
        "PushUp3": {
            "Position": [
                0.0,
                0.800000011920929,
                -6.800000190734863
            ]
        },
        "PushUp4": {
            "Position": [
                0.0,
                0.800000011920929,
                -6.800000190734863
            ]
        },
        "PushUp5": {
            "Position": [
                -10.399999618530273,
                0.0,
                0.0
            ]
        },
        "PushUp6": {
            "Position": [
                0.0,
                0.0,
                0.0
            ]
        },
        "PushUp7": {
            "Position": [
                0.0,
                0.0,
                0.0
            ]
        }
    }
}
