{
    "PushUpAttack7": {
        "Parameter": {
            "MaxCount": 3,
            "Scale": [
                1.0,
                1.0,
                1.0
            ],
            "ScaleValue": 3.0
        },
        "PushUp0": {
            "Position": [
                0.0,
                0.800000011920929,
                0.0
            ]
        },
        "PushUp1": {
            "Position": [
                0.0,
                0.800000011920929,
                0.0
            ]
        },
        "PushUp2": {
            "Position": [
                0.0,
                0.800000011920929,
                0.0
            ]
        }
    }
}
