{
    "PushUpAttack0": {
        "A": null,
        "Parameter": {
            "MaxCount": 2
        },
        "PushUp0": {
            "Position": [
                -11.600000381469727,
                0.800000011920929,
                0.0
            ]
        },
        "PushUp1": {
            "Position": [
                10.899999618530273,
                0.800000011920929,
                0.0
            ]
        },
        "PushUp2": {
            "Position": [
                0.0,
                0.800000011920929,
                0.0
            ]
        },
        "PushUp3": {
            "Position": [
                0.0,
                0.800000011920929,
                0.0
            ]
        },
        "PushUp4": {
            "Position": [
                0.0,
                0.800000011920929,
                0.0
            ]
        }
    }
}
