{
    "PushUpAttack": {
        "PushUp0": {
            "Position": [
                -30.0,
                0.800000011920929,
                0.0
            ]
        },
        "PushUp1": {
            "Position": [
                20.899999618530273,
                0.800000011920929,
                5.199999809265137
            ]
        },
        "PushUp2": {
            "Position": [
                -5.199999809265137,
                0.800000011920929,
                14.100000381469727
            ]
        },
        "PushUp3": {
            "Position": [
                4.099999904632568,
                0.800000011920929,
                -16.0
            ]
        },
        "PushUp4": {
            "Position": [
                0.0,
                0.800000011920929,
                -6.800000190734863
            ]
        },
        "PushUp5": {
            "Position": [
                -10.399999618530273,
                0.0,
                0.0
            ]
        },
        "PushUp6": {
            "Position": [
                0.0,
                0.0,
                0.0
            ]
        },
        "PushUp7": {
            "Position": [
                0.0,
                0.0,
                0.0
            ]
        }
    }
}
