{
    "PushUpAttack0": {
        "Parameter": {
            "MaxCount": 2,
            "Scale": [
                5.0,
                1.0,
                5.0
            ]
        },
        "PushUp0": {
            "Position": [
                -25.0,
                0.800000011920929,
                0.0
            ]
        },
        "PushUp1": {
            "Position": [
                25.0,
                0.800000011920929,
                0.0
            ]
        },
        "PushUp2": {
            "Position": [
                0.0,
                0.800000011920929,
                -6.800000190734863
            ]
        },
        "PushUp3": {
            "Position": [
                0.0,
                0.800000011920929,
                0.0
            ]
        },
        "PushUp4": {
            "Position": [
                0.0,
                0.800000011920929,
                0.0
            ]
        }
    }
}
