{
    "PushUpAttack": {
        "PushUp0": {
            "Position": [
                -17.5,
                0.800000011920929,
                0.0
            ]
        },
        "PushUp1": {
            "Position": [
                16.200000762939453,
                0.800000011920929,
                0.0
            ]
        },
        "PushUp2": {
            "Position": [
                0.0,
                0.800000011920929,
                14.100000381469727
            ]
        },
        "PushUp3": {
            "Position": [
                0.0,
                0.800000011920929,
                -16.0
            ]
        },
        "PushUp4": {
            "Position": [
                0.0,
                0.800000011920929,
                0.0
            ]
        },
        "PushUp6": {
            "Position": [
                0.0,
                0.0,
                0.0
            ]
        },
        "PushUp7": {
            "Position": [
                0.0,
                0.0,
                0.0
            ]
        }
    }
}
