{
    "PushUpAttack3": {
        "Parameter": {
            "MaxCount": 3,
            "Scale": [
                5.0,
                1.0,
                5.0
            ]
        },
        "PushUp0": {
            "Position": [
                40.0,
                0.800000011920929,
                0.0
            ]
        },
        "PushUp1": {
            "Position": [
                0.0,
                0.800000011920929,
                0.0
            ]
        },
        "PushUp2": {
            "Position": [
                -40.0,
                0.800000011920929,
                0.0
            ]
        }
    }
}
