{
    "PushUpAttack0": {
        "A": null,
        "Parameter": {
            "MaxCount": 5
        },
        "PushUp0": {
            "Position": [
                -19.200000762939453,
                0.800000011920929,
                0.0
            ]
        },
        "PushUp1": {
            "Position": [
                25.600000381469727,
                0.800000011920929,
                0.0
            ]
        },
        "PushUp2": {
            "Position": [
                -7.099999904632568,
                0.800000011920929,
                0.0
            ]
        },
        "PushUp3": {
            "Position": [
                15.199999809265137,
                0.800000011920929,
                0.0
            ]
        },
        "PushUp4": {
            "Position": [
                0.0,
                0.800000011920929,
                0.0
            ]
        }
    }
}
