{
    "PushUpAttack0": {
        "Parameter": {
            "MaxCount": 2,
            "RemainTime": 16.0,
            "Scale": [
                1.0,
                1.0,
                1.0
            ],
            "ScaleValue": 5.0
        },
        "PushUp0": {
            "Position": [
                -32.0,
                0.800000011920929,
                -16.0
            ]
        },
        "PushUp1": {
            "Position": [
                16.0,
                0.800000011920929,
                32.0
            ]
        },
        "PushUp2": {
            "Position": [
                0.0,
                0.800000011920929,
                -6.800000190734863
            ]
        },
        "PushUp3": {
            "Position": [
                0.0,
                0.800000011920929,
                0.0
            ]
        },
        "PushUp4": {
            "Position": [
                0.0,
                0.800000011920929,
                0.0
            ]
        }
    }
}
