{
    "PushUpAttack1": {
        "Parameter": {
            "MaxCount": 2,
            "Scale": [
                1.0,
                1.0,
                1.0
            ]
        },
        "PushUp0": {
            "Position": [
                -20.0,
                0.800000011920929,
                20.0
            ]
        },
        "PushUp1": {
            "Position": [
                20.0,
                0.800000011920929,
                -20.0
            ]
        },
        "PushUp2": {
            "Position": [
                0.0,
                0.800000011920929,
                0.0
            ]
        },
        "PushUp3": {
            "Position": [
                0.0,
                0.800000011920929,
                0.0
            ]
        },
        "PushUp4": {
            "Position": [
                0.0,
                0.800000011920929,
                0.0
            ]
        }
    }
}
