{
    "PushUpAttack2": {
        "Parameter": {
            "MaxCount": 3,
            "RemainTime": 4.0,
            "Scale": [
                5.0,
                1.0,
                5.0
            ],
            "ScaleValue": 3.0
        },
        "PushUp0": {
            "Position": [
                30.0,
                0.800000011920929,
                0.0
            ]
        },
        "PushUp1": {
            "Position": [
                -30.0,
                0.800000011920929,
                0.0
            ]
        },
        "PushUp2": {
            "Position": [
                0.0,
                0.800000011920929,
                -30.0
            ]
        }
    }
}
