{
    "RollerAttack": {
        "Parameter": {
            "MaxCount": 4
        },
        "Roller0": {
            "Position": [
                -27.0,
                0.0,
                -22.200000762939453
            ]
        },
        "Roller1": {
            "Position": [
                -37.599998474121094,
                0.0,
                0.0
            ]
        },
        "Roller2": {
            "Position": [
                -15.0,
                0.0,
                18.899999618530273
            ]
        },
        "Roller3": {
            "Position": [
                -8.899999618530273,
                0.0,
                0.0
            ]
        },
        "Roller4": {
            "Position": [
                0.0,
                0.0,
                0.0
            ]
        }
    }
}
