{
    "RollerAttack1": {
        "Parameter": {
            "MaxCount": 2,
            "Scale": [
                9.0,
                1.0,
                1.0
            ]
        },
        "Roller0": {
            "Direct": [
                0.0,
                0.0,
                1.0
            ],
            "Position": [
                0.0,
                0.0,
                -36.29999923706055
            ]
        },
        "Roller1": {
            "Direct": [
                1.0,
                0.0,
                0.0
            ],
            "Position": [
                -38.29999923706055,
                0.0,
                27.600000381469727
            ]
        }
    }
}
