{
    "RollerAttack6": {
        "Parameter": {
            "MaxCount": 2,
            "Scale": [
                9.0,
                1.0,
                1.0
            ]
        },
        "Roller0": {
            "Direct": [
                0.0,
                0.0,
                0.0
            ],
            "Position": [
                0.0,
                37.5456428527832,
                0.0
            ],
            "Scale": [
                9.0,
                1.0,
                1.0
            ]
        },
        "Roller1": {
            "Direct": [
                0.0,
                0.0,
                0.0
            ],
            "Position": [
                0.0,
                37.5456428527832,
                0.0
            ],
            "Scale": [
                9.0,
                1.0,
                1.0
            ]
        }
    }
}
