{
    "RollerAttack": {
        "Roller0": {
            "Position": [
                -60.0,
                0.0,
                0.0
            ]
        },
        "Roller1": {
            "Position": [
                -10.800000190734863,
                0.0,
                21.299999237060547
            ]
        },
        "Roller2": {
            "Position": [
                -36.20000076293945,
                0.0,
                -22.200000762939453
            ]
        },
        "Roller3": {
            "Position": [
                0.0,
                0.0,
                0.0
            ]
        }
    }
}
