{
    "RollerAttack0": {
        "A": null,
        "Parameter": {
            "MaxCount": 2,
            "Scale": [
                8.710000038146973,
                1.0,
                1.0
            ]
        },
        "Roller0": {
            "Direct": [
                0.0,
                0.0,
                1.0
            ],
            "Position": [
                -33.0,
                0.0,
                -45.70000076293945
            ]
        },
        "Roller1": {
            "Direct": [
                0.0,
                0.0,
                1.0
            ],
            "Position": [
                33.0,
                0.0,
                -46.0
            ]
        }
    }
}
