{
    "RollerAttack3": {
        "Parameter": {
            "MaxCount": 2,
            "Scale": [
                12.0,
                1.0,
                1.0
            ]
        },
        "Roller0": {
            "Direct": [
                0.0,
                0.0,
                -1.0
            ],
            "Position": [
                38.0,
                48.99787139892578,
                50.0
            ],
            "Scale": [
                12.0,
                1.0,
                1.0
            ]
        },
        "Roller1": {
            "Direct": [
                1.0,
                0.0,
                0.0
            ],
            "Position": [
                -50.0,
                48.99787139892578,
                -38.0
            ],
            "Scale": [
                1.0,
                1.0,
                12.0
            ]
        }
    }
}
