{
    "RollerAttack2": {
        "Parameter": {
            "MaxCount": 2,
            "Scale": [
                12.0,
                1.0,
                1.0
            ]
        },
        "Roller0": {
            "Direct": [
                -1.0,
                0.0,
                0.0
            ],
            "Position": [
                50.0,
                48.6733283996582,
                -38.0
            ],
            "Scale": [
                1.0,
                1.0,
                12.0
            ]
        },
        "Roller1": {
            "Direct": [
                -1.0,
                0.0,
                0.0
            ],
            "Position": [
                50.0,
                48.6733283996582,
                38.0
            ],
            "Scale": [
                1.0,
                1.0,
                12.0
            ]
        },
        "Roller2": {
            "Direct": [
                0.0,
                0.0,
                0.0
            ],
            "Position": [
                -8.899999618530273,
                0.0,
                0.0
            ]
        }
    }
}
