{
    "RollerAttack1": {
        "Parameter": {
            "MaxCount": 2,
            "Scale": [
                9.0,
                1.0,
                1.0
            ]
        },
        "Roller0": {
            "Direct": [
                -1.9983971555381084e+18,
                -1.9983971555381084e+18,
                -1.9983971555381084e+18
            ],
            "Position": [
                -1.9983971555381084e+18,
                -1.9983971555381084e+18,
                -1.9983971555381084e+18
            ]
        },
        "Roller1": {
            "Direct": [
                0.0,
                0.0,
                0.0
            ],
            "Position": [
                35.0,
                0.0,
                -30.0
            ]
        }
    }
}
