{
    "RollerAttack1": {
        "Parameter": {
            "MaxCount": 1,
            "Scale": [
                16.0,
                1.0,
                1.0
            ]
        },
        "Roller0": {
            "Direct": [
                1.0,
                0.0,
                0.0
            ],
            "Position": [
                -50.0,
                0.0,
                0.0
            ]
        },
        "Roller1": {
            "Direct": [
                1.0,
                0.0,
                0.0
            ],
            "Position": [
                -38.29999923706055,
                0.0,
                27.600000381469727
            ]
        }
    }
}
