{
    "RollerAttack0": {
        "A": null,
        "Parameter": {
            "MaxCount": 2
        },
        "Roller0": {
            "Position": [
                -37.599998474121094,
                0.0,
                0.0
            ]
        },
        "Roller1": {
            "Position": [
                -15.0,
                0.0,
                18.899999618530273
            ]
        }
    }
}
