{
    "RollerAttack0": {
        "A": null,
        "Parameter": {
            "MaxCount": 2
        },
        "Roller0": {
            "Direct": [
                0.0,
                1.0,
                0.0
            ],
            "Position": [
                -43.400001525878906,
                7.099999904632568,
                0.0
            ]
        },
        "Roller1": {
            "Direct": [
                0.0,
                0.0,
                0.0
            ],
            "Position": [
                25.399999618530273,
                0.0,
                -48.0
            ]
        }
    }
}
