{
    "RollerAttack5": {
        "Parameter": {
            "MaxCount": 2,
            "Scale": [
                9.0,
                1.0,
                1.0
            ]
        },
        "Roller0": {
            "Direct": [
                0.0,
                0.0,
                0.0
            ],
            "Position": [
                0.0,
                49.14393997192383,
                0.0
            ],
            "Scale": [
                9.0,
                1.0,
                1.0
            ]
        },
        "Roller1": {
            "Direct": [
                0.0,
                0.0,
                0.0
            ],
            "Position": [
                0.0,
                49.14393997192383,
                0.0
            ],
            "Scale": [
                9.0,
                1.0,
                1.0
            ]
        }
    }
}
