{
    "RollerAttack2": {
        "A": null,
        "Parameter": {
            "MaxCount": 2,
            "Scale": [
                8.710000038146973,
                1.0,
                1.0
            ]
        },
        "Roller0": {
            "Direct": [
                0.0,
                0.0,
                0.0
            ],
            "Position": [
                -35.0,
                0.0,
                0.0
            ]
        },
        "Roller1": {
            "Direct": [
                0.0,
                0.0,
                0.0
            ],
            "Position": [
                35.0,
                0.0,
                0.0
            ]
        },
        "Roller2": {
            "Direct": [
                0.0,
                0.0,
                0.0
            ],
            "Position": [
                -8.899999618530273,
                0.0,
                0.0
            ]
        }
    }
}
