{
    "RollerAttack0": {
        "A": null,
        "Parameter": {
            "MaxCount": 2,
            "Scale": [
                8.0,
                1.0,
                1.0
            ]
        },
        "Roller0": {
            "Direct": [
                0.0,
                1.0,
                0.0
            ],
            "Position": [
                -45.79999923706055,
                0.0,
                0.0
            ]
        },
        "Roller1": {
            "Direct": [
                0.0,
                0.0,
                0.0
            ],
            "Position": [
                -22.799999237060547,
                0.0,
                -42.900001525878906
            ]
        }
    }
}
