{
    "RollerAttack0": {
        "Parameter": {
            "MaxCount": 2,
            "Scale": [
                8.710000038146973,
                1.0,
                1.0
            ]
        },
        "Roller0": {
            "Direct": [
                -1.9983971555381084e+18,
                -1.9983971555381084e+18,
                -1.9983971555381084e+18
            ],
            "Position": [
                -1.9983971555381084e+18,
                -1.9983971555381084e+18,
                -1.9983971555381084e+18
            ]
        },
        "Roller1": {
            "Direct": [
                -1.9983971555381084e+18,
                -1.9983971555381084e+18,
                -1.9983971555381084e+18
            ],
            "Position": [
                -1.9983971555381084e+18,
                -1.9983971555381084e+18,
                -1.9983971555381084e+18
            ]
        }
    }
}
