{
    "SingleMeteor4": {
        "Meteor0": {
            "Position": [
                32.0,
                2.0,
                32.0
            ]
        },
        "Meteor1": {
            "Position": [
                -32.0,
                2.0,
                -32.0
            ]
        },
        "Meteor2": {
            "Position": [
                0.0,
                2.0,
                -32.0
            ]
        },
        "Meteor3": {
            "Position": [
                3.0,
                2.0,
                -33.599998474121094
            ]
        },
        "Meteor4": {
            "Position": [
                0.699999988079071,
                2.0,
                43.900001525878906
            ]
        },
        "Meteor5": {
            "Position": [
                -33.0,
                2.0,
                30.899999618530273
            ]
        },
        "Meteor6": {
            "Position": [
                -1.2000000476837158,
                2.0,
                -0.10000000149011612
            ]
        },
        "Parameter": {
            "Distance": 60.0,
            "IsGravity": 0,
            "MaxCount": 3,
            "Scale": [
                15.0,
                1.0,
                15.0
            ]
        }
    }
}
