{
    "SingleMeteor1": {
        "Meteor0": {
            "Position": [
                -20.899999618530273,
                2.0,
                20.0
            ]
        },
        "Meteor1": {
            "Position": [
                47.0,
                2.0,
                -3.299999952316284
            ]
        },
        "Meteor2": {
            "Position": [
                7.599999904632568,
                2.0,
                -4.400000095367432
            ]
        },
        "Meteor3": {
            "Position": [
                -15.899999618530273,
                2.0,
                -21.399999618530273
            ]
        },
        "Meteor4": {
            "Position": [
                2.5,
                2.0,
                0.0
            ]
        },
        "Meteor5": {
            "Position": [
                -8.399999618530273,
                2.0,
                0.0
            ]
        },
        "Meteor6": {
            "Position": [
                -8.399999618530273,
                2.0,
                0.0
            ]
        },
        "Meteor7": {
            "Position": [
                -3.700000047683716,
                2.0,
                0.0
            ]
        },
        "Parameter": {
            "Distance": 30.0,
            "IsGravity": 0,
            "MaxCount": 2,
            "Scale": [
                8.0,
                1.0,
                8.0
            ]
        }
    }
}
