{
    "SingleMeteor4": {
        "Meteor0": {
            "Position": [
                -24.0,
                2.0,
                0.0
            ]
        },
        "Meteor1": {
            "Position": [
                24.299999237060547,
                2.0,
                0.0
            ]
        },
        "Meteor2": {
            "Position": [
                8.600000381469727,
                2.0,
                26.299999237060547
            ]
        },
        "Meteor3": {
            "Position": [
                3.0,
                2.0,
                -33.599998474121094
            ]
        },
        "Meteor4": {
            "Position": [
                0.699999988079071,
                2.0,
                43.900001525878906
            ]
        },
        "Meteor5": {
            "Position": [
                -33.0,
                2.0,
                30.899999618530273
            ]
        },
        "Meteor6": {
            "Position": [
                -1.2000000476837158,
                2.0,
                -0.10000000149011612
            ]
        },
        "Parameter": {
            "Distance": 30.0,
            "IsGravity": 0,
            "MaxCount": 7,
            "Scale": [
                4.0,
                1.0,
                4.0
            ]
        }
    }
}
