{
    "SingleMeteor1": {
        "Meteor0": {
            "Position": [
                -31.399999618530273,
                2.0,
                33.0
            ]
        },
        "Meteor1": {
            "Position": [
                32.400001525878906,
                2.0,
                2.0
            ]
        },
        "Meteor2": {
            "Position": [
                -31.399999618530273,
                2.0,
                -34.0
            ]
        },
        "Meteor3": {
            "Position": [
                0.4000000059604645,
                2.0,
                33.0
            ]
        },
        "Meteor4": {
            "Position": [
                32.400001525878906,
                2.0,
                33.0
            ]
        },
        "Meteor5": {
            "Position": [
                0.0,
                2.0,
                0.0
            ]
        },
        "Meteor6": {
            "Position": [
                -8.399999618530273,
                2.0,
                0.0
            ]
        },
        "Meteor7": {
            "Position": [
                -3.700000047683716,
                2.0,
                0.0
            ]
        },
        "Parameter": {
            "Distance": 60.0,
            "IsGravity": 0,
            "MaxCount": 6,
            "Scale": [
                10.0,
                1.0,
                10.0
            ]
        }
    }
}
