{
    "SingleMeteor2": {
        "Meteor0": {
            "Position": [
                32.400001525878906,
                2.0,
                0.0
            ]
        },
        "Meteor1": {
            "Position": [
                -32.20000076293945,
                2.0,
                0.0
            ]
        },
        "Meteor2": {
            "Position": [
                0.0,
                2.0,
                34.099998474121094
            ]
        },
        "Meteor3": {
            "Position": [
                0.0,
                2.0,
                -34.099998474121094
            ]
        },
        "Parameter": {
            "Distance": 30.0,
            "IsGravity": 0,
            "MaxCount": 4,
            "Scale": [
                10.0,
                1.0,
                10.0
            ]
        }
    }
}
