{
    "SingleMeteor": {
        "Meteor0": {
            "Position": [
                -15.0,
                0.800000011920929,
                0.0
            ]
        },
        "Meteor1": {
            "Position": [
                15.0,
                0.800000011920929,
                0.0
            ]
        },
        "Meteor2": {
            "Position": [
                0.0,
                0.800000011920929,
                15.0
            ]
        },
        "Meteor3": {
            "Position": [
                0.0,
                0.800000011920929,
                -15.0
            ]
        },
        "Meteor4": {
            "Position": [
                8.199999809265137,
                0.800000011920929,
                0.0
            ]
        },
        "Meteor5": {
            "Position": [
                5.900000095367432,
                0.800000011920929,
                -15.899999618530273
            ]
        },
        "Meteor6": {
            "Position": [
                -25.5,
                0.800000011920929,
                -12.800000190734863
            ]
        },
        "Meteor7": {
            "Position": [
                -26.600000381469727,
                0.800000011920929,
                -3.299999952316284
            ]
        },
        "Meteor8": {
            "Position": [
                -8.399999618530273,
                0.800000011920929,
                0.0
            ]
        },
        "Meteor9": {
            "Position": [
                -3.700000047683716,
                0.800000011920929,
                0.0
            ]
        }
    }
}
