{
    "SingleMeteor": {
        "Meteor0": {
            "Position": [
                5.199999809265137,
                2.0,
                20.0
            ]
        },
        "Meteor1": {
            "Position": [
                18.399999618530273,
                2.0,
                -3.299999952316284
            ]
        },
        "Meteor10": {
            "Position": [
                0.0,
                2.0,
                0.0
            ]
        },
        "Meteor11": {
            "Position": [
                0.0,
                2.0,
                0.0
            ]
        },
        "Meteor12": {
            "Position": [
                0.0,
                2.0,
                0.0
            ]
        },
        "Meteor13": {
            "Position": [
                0.0,
                2.0,
                0.0
            ]
        },
        "Meteor14": {
            "Position": [
                0.0,
                2.0,
                0.0
            ]
        },
        "Meteor15": {
            "Position": [
                0.0,
                2.0,
                0.0
            ]
        },
        "Meteor16": {
            "Position": [
                0.0,
                2.0,
                0.0
            ]
        },
        "Meteor17": {
            "Position": [
                0.0,
                2.0,
                0.0
            ]
        },
        "Meteor18": {
            "Position": [
                0.0,
                2.0,
                0.0
            ]
        },
        "Meteor19": {
            "Position": [
                0.0,
                2.0,
                0.0
            ]
        },
        "Meteor2": {
            "Position": [
                -26.600000381469727,
                2.0,
                -3.299999952316284
            ]
        },
        "Meteor20": {
            "Position": [
                0.0,
                2.0,
                0.0
            ]
        },
        "Meteor3": {
            "Position": [
                -26.600000381469727,
                2.0,
                -3.299999952316284
            ]
        },
        "Meteor4": {
            "Position": [
                -26.600000381469727,
                2.0,
                -3.299999952316284
            ]
        },
        "Meteor5": {
            "Position": [
                2.5,
                2.0,
                0.0
            ]
        },
        "Meteor6": {
            "Position": [
                -8.399999618530273,
                2.0,
                0.0
            ]
        },
        "Meteor7": {
            "Position": [
                -8.399999618530273,
                2.0,
                0.0
            ]
        },
        "Meteor8": {
            "Position": [
                -3.700000047683716,
                2.0,
                0.0
            ]
        },
        "Meteor9": {
            "Position": [
                0.0,
                2.0,
                0.0
            ]
        },
        "Parameter": {
            "Distance": 30.0,
            "IsGravity": 0,
            "MaxCount": 4,
            "Scale": [
                8.0,
                1.0,
                8.0
            ]
        }
    }
}
