{
    "SingleMeteor0": {
        "Meteor0": {
            "Position": [
                -7.699999809265137,
                2.0,
                20.0
            ]
        },
        "Meteor1": {
            "Position": [
                18.399999618530273,
                2.0,
                -3.299999952316284
            ]
        },
        "Meteor2": {
            "Position": [
                -26.600000381469727,
                2.0,
                -3.299999952316284
            ]
        },
        "Meteor3": {
            "Position": [
                -7.900000095367432,
                2.0,
                -25.899999618530273
            ]
        },
        "Meteor4": {
            "Position": [
                1.100000023841858,
                2.0,
                -36.599998474121094
            ]
        },
        "Parameter": {
            "Distance": 30.0,
            "IsGravity": 0,
            "MaxCount": 4,
            "Scale": [
                6.0,
                1.0,
                6.0
            ]
        }
    }
}
