{
    "Boss": {
        "FallAttackReadyTime": 0.25,
        "HitPoint": 60.0,
        "MaxShakeStrength": [
            25.0,
            25.0
        ],
        "PushUpReadyTime": 0.25,
        "RollerAttackReadyTime": 0.25,
        "ShakeMagnification": 1.350000023841858,
        "ShakeStrength": [
            0.20000000298023224,
            0.20000000298023224
        ],
        "ShakeTime": 0.5,
        "Translate": [
            0.0,
            0.0,
            20.0
        ],
        "waitPushUp": 2.5999999046325684,
        "waitRoller": 3.0,
        "waitSingle": 3.0,
        "waitmulti": 4.0
    }
}
