{
    "Boss": {
        "FallAttackReadyTime": 0.25,
        "HitPoint": 130.0,
        "PushUpReadyTime": 0.25,
        "RollerAttackReadyTime": 0.25,
        "ShakeStrength": [
            5.0,
            5.0
        ],
        "ShakeTime": 0.5,
        "Translate": [
            17.200000762939453,
            0.0,
            8.390000343322754
        ],
        "waitPushUp": 1.2999999523162842,
        "waitRoller": 1.5,
        "waitSingle": 1.5,
        "waitmulti": 5.0
    }
}
