{
    "Gear": {
        "GearScale": [
            6.0,
            1.0
        ],
        "addGearSpeedLimit": 0.15000000596046448,
        "kGearAmplitude": 1.399999976158142,
        "kGearDecreaseRate": 0.8999999761581421,
        "kGearInnerRadius": 13.880000114440918,
        "kMaxGearRotateSpeed": 1.0,
        "kMinGearPendulumSpeed": 0.05000000074505806,
        "kMinGearRollSpeed": 0.003000000026077032
    }
}
