{
    "Incamera": {
        "Fov": 0.949999988079071,
        "Position": [
            0.0,
            63.0,
            -79.33000183105469
        ],
        "Rotate": [
            0.800000011920929,
            0.0,
            0.0
        ]
    }
}
