{
    "Incamera": {
        "Fov": 0.8999999761581421,
        "Position": [
            0.0,
            57.5,
            -95.0
        ],
        "Rotate": [
            0.6000000238418579,
            0.0,
            0.0
        ]
    }
}
