{
    "Player": {
        "kAirJumpPower": 0.44999998807907104,
        "kGravity": 0.029999999329447746,
        "kJumpPoint": [
            0.0,
            5.5
        ],
        "kMaxPlayerVelocity": 1.0,
        "kPlayerJumpPower": 0.5
    }
}
