{
    "Player": {
        "AbsorptionAcceleration": 0.02500000037252903,
        "DecayAcceleration": 0.11999999731779099,
        "DecelerationRate": 0.6000000238418579,
        "MaxMoveAcceleration": 0.33000001311302185,
        "MaxSize": 7.0,
        "MoveAcceleration": 0.014000000432133675,
        "PushUpHitForce": 10.0,
        "StanTime": 0.5,
        "Velocity": 0.0,
        "atack rate": 1.2999999523162842,
        "axelTime": 0.20000000298023224,
        "brakeTime": 0.15000000596046448,
        "correctFrame": 10.0,
        "correctValue": 0.5,
        "dashPower": 15.0,
        "healpower": 450,
        "hitCoolTime": 2.0,
        "maxAtackCount": 90,
        "scale rate": 0.007000000216066837,
        "subtractionAbsorptionCount_": 2
    }
}
