{
    "Player": {
        "DecayAcceleration": 0.03500000014901161,
        "MaxMoveAcceleration": 0.4000000059604645,
        "MaxSize": 5.0,
        "MoveAcceleration": 0.004000000189989805,
        "StanTime": 0.5,
        "Velocity": 0.0,
        "atack rate": 1.0,
        "healpower": 150,
        "scale rate": 0.007000000216066837
    }
}
