{
    "Player": {
        "DecayAcceleration": 0.05000000074505806,
        "MaxMoveAcceleration": 0.4000000059604645,
        "MaxSize": 5.0,
        "MoveAcceleration": 0.007000000216066837,
        "PushUpHitForce": 5.0,
        "StanTime": 0.5,
        "Velocity": 0.0,
        "atack rate": 0.8299999833106995,
        "healpower": 160,
        "scale rate": 0.007000000216066837
    }
}
