{
    "Player_Damaging": {
        "Body_Rotate : KeyCount": 2,
        "Body_Rotate key : 0": [
            0.0,
            0.0,
            0.0
        ],
        "Body_Rotate key : 0 : EasingParameter": 0,
        "Body_Rotate key : 0 : PlayFrame": 0,
        "Body_Rotate key : 1": [
            0.0,
            0.0,
            0.0
        ],
        "Body_Rotate key : 1 : EasingParameter": 0,
        "Body_Rotate key : 1 : PlayFrame": 60,
        "Body_Scale : KeyCount": 3,
        "Body_Scale key : 0": [
            1.7999999523162842,
            0.20000000298023224,
            1.7999999523162842
        ],
        "Body_Scale key : 0 : EasingParameter": 0,
        "Body_Scale key : 0 : PlayFrame": 0,
        "Body_Scale key : 1": [
            1.7999999523162842,
            0.22499999403953552,
            1.7999999523162842
        ],
        "Body_Scale key : 1 : EasingParameter": 3,
        "Body_Scale key : 1 : PlayFrame": 60,
        "Body_Scale key : 2": [
            1.7999999523162842,
            0.20000000298023224,
            1.7999999523162842
        ],
        "Body_Scale key : 2 : EasingParameter": 3,
        "Body_Scale key : 2 : PlayFrame": 120,
        "Body_Translate : KeyCount": 2,
        "Body_Translate key : 0": [
            0.0,
            -0.800000011920929,
            0.0
        ],
        "Body_Translate key : 0 : EasingParameter": 0,
        "Body_Translate key : 0 : PlayFrame": 0,
        "Body_Translate key : 1": [
            0.0,
            -0.800000011920929,
            0.0
        ],
        "Body_Translate key : 1 : EasingParameter": 0,
        "Body_Translate key : 1 : PlayFrame": 30
    }
}
