{
    "Player": {
        "DecayAcceleration": 0.05000000074505806,
        "DecelerationRate": 0.6000000238418579,
        "MaxMoveAcceleration": 0.4000000059604645,
        "MaxSize": 5.0,
        "MoveAcceleration": 0.007000000216066837,
        "PushUpHitForce": 10.0,
        "StanTime": 0.5,
        "Velocity": 0.0,
        "atack rate": 1.5,
        "axelTime": 0.20000000298023224,
        "brakeTime": 0.15000000596046448,
        "correctFrame": 10.0,
        "correctValue": 0.5,
        "dashPower": 15.0,
        "healpower": 260,
        "hitCoolTime": 2.0,
        "maxAtackCount": 90,
        "scale rate": 0.007000000216066837,
        "subtractionAbsorptionCount_": 1
    }
}
