{
    "Player": {
        "kAirJumpPower": 0.3499999940395355,
        "kGravity": 0.014999999664723873,
        "kJumpPoint": [
            0.0,
            5.5
        ],
        "kMaxPlayerVelocity": 1.0,
        "kPlayerJumpPower": 0.3499999940395355
    }
}
