{
    "Player": {
        "kGravity": 0.05000000074505806,
        "kMaxPlayerVelocity": 1.0,
        "kPlayerJumpPower": 1.149999976158142
    }
}
