{
    "StageInfo": {
        "0:Condition": 300.0,
        "0:isRePop:0": 0,
        "0:isRePop:1": 0,
        "0:isRePop:2": 0,
        "0:isRePop:3": 0,
        "0:kMaxInfoNum": 4,
        "0:popTime:0": 10,
        "0:popTime:1": 10,
        "0:popTime:2": 10,
        "0:popTime:3": 10,
        "0:position:0": [
            5.889999866485596,
            0.0,
            0.0
        ],
        "0:position:1": [
            -4.800000190734863,
            0.0,
            0.0
        ],
        "0:position:2": [
            -1.6399999856948853,
            8.470000267028809,
            0.0
        ],
        "0:position:3": [
            0.18000000715255737,
            -5.75,
            0.0
        ],
        "1:Condition": 100.0,
        "1:isRePop:0": 0,
        "1:isRePop:1": 0,
        "1:isRePop:2": 1,
        "1:kMaxInfoNum": 3,
        "1:popTime:0": 10,
        "1:popTime:1": 10,
        "1:popTime:2": 10,
        "1:position:0": [
            7.0,
            0.0,
            0.0
        ],
        "1:position:1": [
            -7.0,
            0.0,
            0.0
        ],
        "1:position:2": [
            0.0,
            0.0,
            0.0
        ],
        "2:Condition": 100.0,
        "2:isRePop:0": 1,
        "2:kMaxInfoNum": 0,
        "2:popTime:0": 10,
        "2:position:0": [
            6.820000171661377,
            0.0,
            0.0
        ],
        "3:Condition": 100.0,
        "3:isRePop:0": 1,
        "3:isRePop:1": 1,
        "3:isRePop:2": 1,
        "3:kMaxInfoNum": 3,
        "3:popTime:0": 10,
        "3:popTime:1": 10,
        "3:popTime:2": 10,
        "3:position:0": [
            7.619999885559082,
            0.0,
            0.0
        ],
        "3:position:1": [
            0.0,
            6.760000228881836,
            0.0
        ],
        "3:position:2": [
            -7.179999828338623,
            -0.5899999737739563,
            0.0
        ]
    }
}
