{
    "StageInfo": {
        "0:Condition": 100.0,
        "0:isRePop:0": 1,
        "0:kMaxInfoNum": 1,
        "0:popTime:0": 10,
        "0:position:0": [
            7.619999885559082,
            0.0,
            0.0
        ],
        "1:Condition": 100.0,
        "1:isRePop:0": 1,
        "1:kMaxInfoNum": 0,
        "1:popTime:0": 10,
        "1:position:0": [
            -2.8299999237060547,
            0.0,
            0.0
        ],
        "2:Condition": 100.0,
        "2:isRePop:0": 1,
        "2:kMaxInfoNum": 0,
        "2:popTime:0": 10,
        "2:position:0": [
            6.820000171661377,
            0.0,
            0.0
        ]
    }
}
