{
    "StageInfo": {
        "0:Condition": 60.0,
        "0:isRePop:0": 1,
        "0:isRePop:1": 1,
        "0:isRePop:2": 1,
        "0:isRePop:3": 1,
        "0:isRePop:4": 0,
        "0:isRePop:5": 0,
        "0:kMaxCatapultNum": 0,
        "0:kMaxInfoNum": 3,
        "0:popTime:0": 1,
        "0:popTime:1": 1,
        "0:popTime:2": 1,
        "0:popTime:3": 1000,
        "0:popTime:4": 10,
        "0:popTime:5": 10,
        "0:position:0": [
            0.0,
            -10.0,
            0.0
        ],
        "0:position:1": [
            -4.0,
            -6.0,
            0.0
        ],
        "0:position:2": [
            4.0,
            -6.0,
            0.0
        ],
        "0:position:3": [
            0.0,
            -2.0,
            0.0
        ],
        "0:position:4": [
            -8.0,
            -3.0,
            0.0
        ],
        "0:position:5": [
            8.0,
            -3.0,
            0.0
        ],
        "10:CisRePop:0": 1,
        "10:CisRePop:1": 1,
        "10:Condition": 50.0,
        "10:CpopTime:0": 10,
        "10:CpopTime:1": 10,
        "10:isRePop:0": 1,
        "10:isRePop:1": 0,
        "10:isRePop:2": 0,
        "10:isRePop:3": 1,
        "10:isRePop:4": 0,
        "10:isRePop:5": 0,
        "10:isRePop:6": 1,
        "10:kMaxCatapultNum": 2,
        "10:kMaxInfoNum": 7,
        "10:length:0": 14.5,
        "10:length:1": 14.5,
        "10:popTime:0": 10,
        "10:popTime:1": 1,
        "10:popTime:2": 1,
        "10:popTime:3": 10,
        "10:popTime:4": 1,
        "10:popTime:5": 1,
        "10:popTime:6": 1,
        "10:position:0": [
            0.0,
            -10.0,
            0.0
        ],
        "10:position:1": [
            -9.0,
            -4.0,
            0.0
        ],
        "10:position:2": [
            -6.0,
            -2.5,
            0.0
        ],
        "10:position:3": [
            0.0,
            0.0,
            0.0
        ],
        "10:position:4": [
            8.0,
            -4.0,
            0.0
        ],
        "10:position:5": [
            4.0,
            -2.0,
            0.0
        ],
        "10:position:6": [
            0.0,
            4.0,
            0.0
        ],
        "10:theta:0": -0.5569999814033508,
        "10:theta:1": -2.450000047683716,
        "1:Condition": 60.0,
        "1:isRePop:0": 1,
        "1:isRePop:1": 1,
        "1:isRePop:2": 1,
        "1:isRePop:3": 0,
        "1:isRePop:4": 1,
        "1:isRePop:5": 1,
        "1:kMaxCatapultNum": 0,
        "1:kMaxInfoNum": 6,
        "1:popTime:0": 1,
        "1:popTime:1": 1,
        "1:popTime:2": 1,
        "1:popTime:3": 1000,
        "1:popTime:4": 1,
        "1:popTime:5": 1,
        "1:position:0": [
            0.0,
            -10.0,
            0.0
        ],
        "1:position:1": [
            -4.0,
            -6.0,
            0.0
        ],
        "1:position:2": [
            4.0,
            -6.0,
            0.0
        ],
        "1:position:3": [
            0.0,
            -2.0,
            0.0
        ],
        "1:position:4": [
            -8.0,
            -3.0,
            0.0
        ],
        "1:position:5": [
            8.0,
            -3.0,
            0.0
        ],
        "2:Condition": 60.0,
        "2:isRePop:0": 1,
        "2:isRePop:1": 1,
        "2:isRePop:2": 0,
        "2:isRePop:3": 1,
        "2:isRePop:4": 1,
        "2:isRePop:5": 0,
        "2:isRePop:6": 0,
        "2:kMaxCatapultNum": 0,
        "2:kMaxInfoNum": 7,
        "2:popTime:0": 1,
        "2:popTime:1": 1,
        "2:popTime:2": 1,
        "2:popTime:3": 1,
        "2:popTime:4": 1,
        "2:popTime:5": 1,
        "2:popTime:6": 1,
        "2:position:0": [
            0.0,
            -10.0,
            0.0
        ],
        "2:position:1": [
            -4.0,
            -7.0,
            0.0
        ],
        "2:position:2": [
            -8.0,
            -4.0,
            0.0
        ],
        "2:position:3": [
            7.0,
            -1.0,
            0.0
        ],
        "2:position:4": [
            3.0,
            2.0,
            0.0
        ],
        "2:position:5": [
            -1.0,
            5.0,
            0.0
        ],
        "2:position:6": [
            -5.0,
            8.0,
            0.0
        ],
        "3:Condition": 160.0,
        "3:isRePop:0": 1,
        "3:isRePop:1": 1,
        "3:isRePop:2": 1,
        "3:isRePop:3": 1,
        "3:isRePop:4": 0,
        "3:isRePop:5": 0,
        "3:isRePop:6": 0,
        "3:isRePop:7": 0,
        "3:isRePop:8": 0,
        "3:isRePop:9": 0,
        "3:kMaxCatapultNum": 0,
        "3:kMaxInfoNum": 6,
        "3:popTime:0": 1,
        "3:popTime:1": 1,
        "3:popTime:2": 1,
        "3:popTime:3": 1,
        "3:popTime:4": 1,
        "3:popTime:5": 1,
        "3:popTime:6": 1,
        "3:popTime:7": 1,
        "3:popTime:8": 1,
        "3:popTime:9": 1,
        "3:position:0": [
            0.0,
            -10.0,
            0.0
        ],
        "3:position:1": [
            3.0,
            -7.0,
            0.0
        ],
        "3:position:2": [
            6.0,
            -4.0,
            0.0
        ],
        "3:position:3": [
            9.0,
            -1.0,
            0.0
        ],
        "3:position:4": [
            3.0,
            7.0,
            0.0
        ],
        "3:position:5": [
            -5.0,
            2.0,
            0.0
        ],
        "3:position:6": [
            6.0,
            3.0,
            0.0
        ],
        "3:position:7": [
            0.0,
            6.0,
            0.0
        ],
        "3:position:8": [
            -5.0,
            9.0,
            0.0
        ],
        "3:position:9": [
            -8.0,
            4.0,
            0.0
        ],
        "4:Condition": 40.0,
        "4:isRePop:0": 1,
        "4:isRePop:1": 0,
        "4:isRePop:2": 0,
        "4:isRePop:3": 0,
        "4:isRePop:4": 0,
        "4:isRePop:5": 1,
        "4:isRePop:6": 0,
        "4:kMaxCatapultNum": 0,
        "4:kMaxInfoNum": 7,
        "4:popTime:0": 1,
        "4:popTime:1": 1000,
        "4:popTime:2": 1000,
        "4:popTime:3": 10,
        "4:popTime:4": 10,
        "4:popTime:5": 1,
        "4:popTime:6": 1,
        "4:position:0": [
            -1.0,
            -10.0,
            0.0
        ],
        "4:position:1": [
            -5.0,
            -6.0,
            0.0
        ],
        "4:position:2": [
            -8.0,
            -3.0,
            0.0
        ],
        "4:position:3": [
            -9.0,
            2.0,
            0.0
        ],
        "4:position:4": [
            -3.0,
            3.0,
            0.0
        ],
        "4:position:5": [
            3.0,
            4.0,
            0.0
        ],
        "4:position:6": [
            9.0,
            5.0,
            0.0
        ],
        "5:Condition": 20.0,
        "5:isRePop:0": 1,
        "5:isRePop:1": 1,
        "5:isRePop:2": 0,
        "5:isRePop:3": 0,
        "5:isRePop:4": 0,
        "5:isRePop:5": 1,
        "5:isRePop:6": 1,
        "5:kMaxCatapultNum": 0,
        "5:kMaxInfoNum": 5,
        "5:popTime:0": 1,
        "5:popTime:1": 10,
        "5:popTime:2": 10,
        "5:popTime:3": 10,
        "5:popTime:4": 10,
        "5:popTime:5": 10,
        "5:popTime:6": 10,
        "5:position:0": [
            0.0,
            -10.0,
            0.0
        ],
        "5:position:1": [
            3.0,
            -8.0,
            0.0
        ],
        "5:position:2": [
            0.0,
            -4.0,
            0.0
        ],
        "5:position:3": [
            -5.0,
            -4.0,
            0.0
        ],
        "5:position:4": [
            8.0,
            -2.0,
            0.0
        ],
        "5:position:5": [
            3.0,
            4.0,
            0.0
        ],
        "5:position:6": [
            9.0,
            5.0,
            0.0
        ],
        "6:Condition": 30.0,