{
    "StageInfo": {
        "0:CisRePop:0": 1,
        "0:Condition": 100.0,
        "0:CpopTime:0": 10,
        "0:isRePop:0": 0,
        "0:isRePop:1": 0,
        "0:isRePop:2": 1,
        "0:isRePop:3": 1,
        "0:isRePop:4": 1,
        "0:isRePop:5": 1,
        "0:kMaxCatapultNum": 1,
        "0:kMaxInfoNum": 6,
        "0:length:0": 14.559000015258789,
        "0:popTime:0": 10,
        "0:popTime:1": 10,
        "0:popTime:2": 10,
        "0:popTime:3": 10,
        "0:popTime:4": 10,
        "0:popTime:5": 10,
        "0:position:0": [
            7.0,
            0.0,
            0.0
        ],
        "0:position:1": [
            -7.0,
            0.0,
            0.0
        ],
        "0:position:2": [
            0.0,
            0.0,
            0.0
        ],
        "0:position:3": [
            0.0,
            0.0,
            0.0
        ],
        "0:position:4": [
            0.0,
            7.5,
            0.0
        ],
        "0:position:5": [
            0.0,
            -7.0,
            0.0
        ],
        "0:theta:0": 0.0,
        "1:CisRePop:0": 1,
        "1:Condition": 100.0,
        "1:CpopTime:0": 10,
        "1:isRePop:0": 0,
        "1:isRePop:1": 0,
        "1:isRePop:2": 1,
        "1:isRePop:3": 1,
        "1:kMaxCatapultNum": 1,
        "1:kMaxInfoNum": 3,
        "1:length:0": 14.559000015258789,
        "1:popTime:0": 10,
        "1:popTime:1": 10,
        "1:popTime:2": 10,
        "1:popTime:3": 10,
        "1:position:0": [
            7.0,
            0.0,
            0.0
        ],
        "1:position:1": [
            -7.0,
            0.0,
            0.0
        ],
        "1:position:2": [
            0.0,
            0.0,
            0.0
        ],
        "1:position:3": [
            0.0,
            0.0,
            0.0
        ],
        "1:theta:0": 3.140000104904175,
        "2:CisRePop:0": 1,
        "2:CisRePop:1": 1,
        "2:Condition": 200.0,
        "2:CpopTime:0": 10,
        "2:CpopTime:1": 10,
        "2:isRePop:0": 1,
        "2:isRePop:1": 1,
        "2:isRePop:2": 0,
        "2:isRePop:3": 0,
        "2:kMaxCatapultNum": 2,
        "2:kMaxInfoNum": 4,
        "2:length:0": 14.559000015258789,
        "2:length:1": 14.677000045776367,
        "2:popTime:0": 10,
        "2:popTime:1": 10,
        "2:popTime:2": 10,
        "2:popTime:3": 10,
        "2:position:0": [
            7.5,
            0.0,
            0.0
        ],
        "2:position:1": [
            -7.0,
            0.0,
            0.0
        ],
        "2:position:2": [
            0.0,
            6.5,
            0.0
        ],
        "2:position:3": [
            0.0,
            -6.5,
            0.0
        ],
        "2:theta:0": 3.140000104904175,
        "2:theta:1": 0.0
    }
}
