{
    "TutrialCamera": {
        "Fov": 0.42500001192092896,
        "Position": [
            0.20999999344348907,
            33.939998626708984,
            -85.44999694824219
        ],
        "Rotate": [
            0.824999988079071,
            0.0,
            0.0
        ]
    }
}
